<?xml version="1.0" encoding="UTF-8"?><rss version="2.0"
	xmlns:content="http://purl.org/rss/1.0/modules/content/"
	xmlns:wfw="http://wellformedweb.org/CommentAPI/"
	xmlns:dc="http://purl.org/dc/elements/1.1/"
	xmlns:atom="http://www.w3.org/2005/Atom"
	xmlns:sy="http://purl.org/rss/1.0/modules/syndication/"
	xmlns:slash="http://purl.org/rss/1.0/modules/slash/"
	>

<channel>
	<title>alimatabs &#8211; Web developer | Digital marketing manager | Google ad manager</title>
	<atom:link href="http://alimatabs.unaux.com/author/alimatabs/feed/" rel="self" type="application/rss+xml" />
	<link>http://alimatabs.unaux.com/</link>
	<description>Web developer you are looking for is here.</description>
	<lastBuildDate>Wed, 26 May 2021 13:58:39 +0000</lastBuildDate>
	<language>en-US</language>
	<sy:updatePeriod>
	hourly	</sy:updatePeriod>
	<sy:updateFrequency>
	1	</sy:updateFrequency>
	<generator>https://wordpress.org/?v=5.7.2</generator>

<image>
	<url>http://alimatabs.unaux.com/wp-content/uploads/2021/05/LogoMakr-6vaKvx-150x150.png</url>
	<title>alimatabs &#8211; Web developer | Digital marketing manager | Google ad manager</title>
	<link>http://alimatabs.unaux.com/</link>
	<width>32</width>
	<height>32</height>
</image> 
	<item>
		<title>Hello world!</title>
		<link>http://alimatabs.unaux.com/2021/05/26/hello-world/</link>
					<comments>http://alimatabs.unaux.com/2021/05/26/hello-world/#respond</comments>
		
		<dc:creator><![CDATA[alimatabs]]></dc:creator>
		<pubDate>Wed, 26 May 2021 13:58:39 +0000</pubDate>
				<category><![CDATA[Uncategorized]]></category>
		<guid isPermaLink="false">http://alimatabs.unaux.com/?p=1</guid>

					<description><![CDATA[Welcome to WordPress. This is your first post. Edit or delete it, then start writing!]]></description>
										<content:encoded><![CDATA[
<p>Welcome to WordPress. This is your first post. Edit or delete it, then start writing!</p>
]]></content:encoded>
					
					<wfw:commentRss>http://alimatabs.unaux.com/2021/05/26/hello-world/feed/</wfw:commentRss>
			<slash:comments>0</slash:comments>
		
		
			</item>
	</channel>
</rss>
