<?xml version="1.0" encoding="UTF-8"?><rss version="2.0"
	xmlns:content="http://purl.org/rss/1.0/modules/content/"
	xmlns:dc="http://purl.org/dc/elements/1.1/"
	xmlns:atom="http://www.w3.org/2005/Atom"
	xmlns:sy="http://purl.org/rss/1.0/modules/syndication/"
	
	>
<channel>
	<title>
	Comments for Web developer | Digital marketing manager | Google ad manager	</title>
	<atom:link href="http://alimatabs.unaux.com/comments/feed/" rel="self" type="application/rss+xml" />
	<link>http://alimatabs.unaux.com/</link>
	<description>Web developer you are looking for is here.</description>
	<lastBuildDate>Wed, 02 Jun 2021 11:45:55 +0000</lastBuildDate>
	<sy:updatePeriod>
	hourly	</sy:updatePeriod>
	<sy:updateFrequency>
	1	</sy:updateFrequency>
	<generator>https://wordpress.org/?v=5.7.2</generator>
</channel>
</rss>
